model,threshold,val_pr_auc,val_roc_auc,val_brier,val_log_loss,test_pr_auc,test_roc_auc,test_brier,test_log_loss,test_precision,test_recall,test_f1
random_forest,0.39999999999999997,0.978279,0.994719,0.031828,0.129808,0.992955,0.998598,0.028257,0.123834,0.933333,0.985915,0.958904
xgboost,0.39999999999999997,0.951486,0.987195,0.03046,0.107882,0.976872,0.993058,0.019884,0.080311,0.917808,0.943662,0.930556
catboost,0.39999999999999997,0.954808,0.988911,0.033596,0.120167,0.973258,0.99449,0.02725,0.105522,0.902098,0.908451,0.905263
decision_tree,0.2,0.69577,0.905464,0.064067,2.309203,0.762558,0.923397,0.05076,1.720467,0.827815,0.880282,0.853242
logistic_regression,0.5999999999999999,0.718016,0.901809,0.127438,0.393271,0.675272,0.893545,0.14358,0.439108,0.491379,0.802817,0.609626
