{
  "selected_model": "xgboost",
  "threshold": 0.39999999999999997,
  "test_pr_auc": 0.989492,
  "test_roc_auc": 0.997896,
  "test_brier": 0.016312,
  "test_log_loss": 0.068389,
  "test_precision": 0.931973,
  "test_recall": 0.964789,
  "test_f1": 0.948097
}